{"initial_reset_timestamp": 1618468998.8866763, "timestamps": [1618469023.5505023], "episode_lengths": [95], "episode_rewards": [0.4348313929149774], "episode_types": ["t"]}