{"initial_reset_timestamp": 1612961173.764751, "timestamps": [1612961174.2907758], "episode_lengths": [20], "episode_rewards": [20.0], "episode_types": ["t"]}