{"initial_reset_timestamp": 1618368488.4489653, "timestamps": [1618368488.7581716], "episode_lengths": [22], "episode_rewards": [22.0], "episode_types": ["t"]}