{"initial_reset_timestamp": 1618371219.024984, "timestamps": [1618371227.0667737], "episode_lengths": [34], "episode_rewards": [-0.07944956777872597], "episode_types": ["t"]}